DikeDataset/files/malware/a0e4b5fb36a14cd9a2cb4b94020634396d25971a84f47c8686ffddef33833521.exe,1
DikeDataset/files/malware/6c2c9a927f270f4f0ff706fe94a6c829abe26b6814c3d263335f8cdfba414716.exe,1
DikeDataset/files/malware/4f4a645e3d94d83f67522280dc97d1ea3f5a8b42ebdab5760f1b09a28b34a8ee.exe,1
DikeDataset/files/malware/dd9072fd3669dcb43e3e6990da55b84d2bfb571b2a73b5cc7fc8202f8e84e01d.exe,1
DikeDataset/files/malware/9e7f7fda7a961feef943a596e0f57ecf28d233f687b6d7a2f96a40ef98faeed7.exe,1
DikeDataset/files/malware/28dd1ea142c77d365fcf26cd0432e5923082be736ba7a4fda82f553607338275.exe,1
DikeDataset/files/malware/9f3c4c29261c1fbf0c41788358a06efd6fd0b3b16b442f8cd3f5e37007316cef.exe,1
DikeDataset/files/malware/835c716d10435f058f18cf3ad28ead05c4f475fa009a5bfb2c42bca5314de7cd.exe,1
DikeDataset/files/malware/f8464647bef16c8f3f4a5ebd94ed3030d7d0600a7e820afdb76a0dbdb6fa606b.exe,1
DikeDataset/files/malware/5fbfde3c7722122ba6918e354202be8f65bf951b6476a0969b21aa051378ca83.exe,1
DikeDataset/files/malware/644f147ab3837b93921472432e61c08fb27aacd06a95d7077f4449c1af8a8245.exe,1
DikeDataset/files/malware/a63b696ffbd6fc6ad315a772947caaa30af0b6242db7d2918f4248f2a3d389fa.exe,1
DikeDataset/files/malware/e12dddc8fd66fc7d265fbfc848abb32d271f17cff8d46734112f931cae4c519b.exe,1
DikeDataset/files/malware/867dd020b08f6ca2a6b9d2a9819f8290ae0f3664aa2f8b9bcca0440f6c517010.exe,1
DikeDataset/files/malware/afdc5c61042b827e6fc8ee97c55509cc7faa42915bc59426aa7d88dea21c0514.exe,1
DikeDataset/files/malware/784ad15fcc1ec5c875ee472fca8c258877c467eb89ba7e1c0915acf9aefef2de.exe,1
DikeDataset/files/malware/f34a2e1a783423f6b60a679e6fd63d63ca285218500942d52507df2abe6be745.exe,1
DikeDataset/files/malware/7b905299149b1506293611b50fbe76e62a429ecb2a4e9f7b7db8bd5522728aff.exe,1
DikeDataset/files/malware/e79a3bb4372a5ea4554edbf7e6ad7f3fac4bc8d8fc89d30b82dc0b4e0874d7fe.exe,1
DikeDataset/files/malware/01a0bea806384827759ae032031516bfe843285cac39800bdd1845e36cb5f003.exe,1
DikeDataset/files/malware/4eff28d6f17896a8dbe6d632b9208b7f5b14dd515e631c9ce4e2c59230bc30ca.exe,1
DikeDataset/files/malware/542a7415be8f3861aa85f724d86beefa8a912ff7b189a24adf30c59b3ef207e1.exe,1
DikeDataset/files/malware/d29ceeeab203c74c37e6d5fd0eaf1069a474fc57c71024758eefca67a2e7e291.exe,1
DikeDataset/files/malware/96727ea06370a33e9a6571b3507741a002c23931cf4d47b2e56f5954e9134e39.exe,1
DikeDataset/files/malware/c62eeff2e4b849eb930dc2286a7070dbfb4803140176d2f94122b22e0b5be507.exe,1
DikeDataset/files/malware/c960a1bb68c354937178885a4fc451a53480a30c919bc4126c2acdc97fa22897.exe,1
DikeDataset/files/malware/54237a6d4885551c85432c386daac837be7e4fc28bfe10038c86ea4f2c41f1b6.exe,1
DikeDataset/files/malware/482ce4a195dff4ca03a4be04fe745bd7d87519e43b7daf36ee71582a84cb9c14.exe,1
DikeDataset/files/malware/a96a4992f81c14d36314b1755bde8bfbe9b2898e8b7e36f03dd66704ef41a7d6.exe,1
DikeDataset/files/malware/b4095e5c54209240fb12a8148554ed919045655318580cc9f8cb328e733be6e4.exe,1