DikeDataset/files/benign/2a922ebe7edb08480baa1721ce1b5185fb5af7f64ec0f128d6a7a37711784815.exe,0
DikeDataset/files/benign/df23113f3c534e5becbd452bf2ad92cbcf2a92641f775f4f579c91ad7c0ac7f4.exe,0
DikeDataset/files/benign/b6e97dbf4ec13dec0324ab2d66b8c771d4da6539087d84bf009b9a80b0f78799.exe,0
DikeDataset/files/benign/33aaf68843e2936dfd3665e5cdb76a3d5372fff42fe66f4f2b35886066a0380e.exe,0
DikeDataset/files/benign/b2ded3ce4b19a18844d4aa90b60dfc1a8d3e9cd7649e7478c524d5c9d035fccc.exe,0
DikeDataset/files/benign/af647fcba328c6a41c6512dc34248b7c0413d5db337be2cba1fc3761855ddce6.exe,0
DikeDataset/files/benign/fbba0c95a318e9c7f37915f2fc273321a668e668696e821cab1b013ad8fe496b.exe,0
DikeDataset/files/benign/4a43f1eef4605f99278e609a8d372bc2386fb8f63ba6999e3ff5c3b80142a6f9.exe,0
DikeDataset/files/benign/9f488edf5ed634d8f50d0a08fdf2eb24e22106c0f22954f3b30f5aa0a366c505.exe,0
DikeDataset/files/benign/69b5a97bd24aee318b2afc50506bfeced8ceee010cdf8268522ea9b5e912ce84.exe,0
DikeDataset/files/benign/d3062f93740551d2f3aa0a386587f7cc5ab4c524477845ca4d2544764d0bf119.exe,0
DikeDataset/files/benign/ca6710ac624c4badd89606d2d46270b68a494b9778a109477955f6403d77493e.exe,0
DikeDataset/files/benign/1e171264f1310680b03bb9122633db660378bc411b28ae25c2bfab9f0f06da51.exe,0
DikeDataset/files/benign/c3afcf2e6f64303f8377793255b38f6d677ca8eab9eddae65693c1235d05a1ae.exe,0
DikeDataset/files/benign/9765f6a4ef2630731553c298e3bf079a7fd28d04413d0ed7dbaa697e81592252.exe,0
DikeDataset/files/benign/70bffc9c81bde425bbd3b2eaf54fb82764d15808f92e9338d2b954a5b912b43b.exe,0
DikeDataset/files/benign/d752be52e51756f597a1e346255bf400a31063c70c9c7c724c06b2d620d5212a.exe,0
DikeDataset/files/benign/5a0f4fa2c578675590ac317e392f78abfc19577a7f8c964e708a1ad436e58a37.exe,0
DikeDataset/files/benign/667fba10a1775750b3b63be899f4b097841c71ce531f52366bd47b6b4c474a0f.exe,0
DikeDataset/files/benign/7637ebd20f2b197995d6876d3cd4b01479614f5c0859bf8466b1ec956c6b1993.exe,0
DikeDataset/files/benign/193cd70a73e750a178eb91b05b8a15f988b1499cb77c37c9a9f2e2e22d98ce59.exe,0
DikeDataset/files/benign/c60ebcad6dcbc20fd27872ee4ae92b83950420867ab7a4769bac9d1a4f25e067.exe,0
DikeDataset/files/benign/60fd82f9261ab7faf0d168d623c0e16f8b587ea7ec5aa441c3a5944f439cbacb.exe,0
DikeDataset/files/benign/3bc5906d625e95dfb4744c2baa1e1a5d1b3f73ee663cc149f02ef7eaf23986c0.exe,0
DikeDataset/files/benign/832bdee44d637d7334b3300db73550de552988d6c15af917572eba6b0077770c.exe,0
DikeDataset/files/benign/4a495b476cc33e6be712a77184626725ec10e3f31b89d3c53010bd620bcd0cbb.exe,0
DikeDataset/files/benign/857e2db65d56ec90bf7ffd3c51df4e9c577ca6576e399065f3220a5195e1f9bb.exe,0
DikeDataset/files/benign/fb79aa9861b147460e71653b2c01129cc0911efc6c1f97c6377d96f47d651da2.exe,0
DikeDataset/files/benign/ba8f214c82e335b1b003114bf92450b47e1e07d8e23a165564405a2338c755e1.exe,0
DikeDataset/files/benign/ecf9e6567852f1a45dd6068ed197aa22cfac0121fdc0c3a2e9367dd6cc85fcae.exe,0
DikeDataset/files/benign/9dbe301e6b832184a624e97ee08735397aeb656e4fcb98c2388a57deb2f33e76.exe,0
DikeDataset/files/benign/463046a6d4263478667cb43d534df3cf65b4e3b26a71ccfa7c3d64d29e2c6d8a.exe,0
DikeDataset/files/benign/a5d76d29280af398aeb406063676620060a5d0cb28b2d33d917f41a5c06e4d84.exe,0
DikeDataset/files/benign/fbfdedb850f535b635f17053f33bad5e5f72785a576ba5a8b1c6adff4488b430.exe,0
DikeDataset/files/benign/cb1454687b08797f9cd506fde40157d5688c4494772f0836054bf75f5a2bb468.exe,0
DikeDataset/files/benign/c42ab04f9d19b18d2d145a32a98e02e8070d25275aad11b3c9917c3cdd370c10.exe,0
DikeDataset/files/benign/4ea6fb35bfa0deace0e149557d73a99ee858029e33bbbcaf5cdf5aefb21ffb80.exe,0
DikeDataset/files/benign/79d27b57b5e2128fb96b229198fff3be95816d4495d26d512ec27cfd7406d0b5.exe,0
DikeDataset/files/benign/d4d518c5415ace543cb348a93ab6df569ee298d18fe47ad3eb75018f5cb5f5db.exe,0
DikeDataset/files/benign/b25976b4e32dcc3884ac0c8aa1e8416d483ef8598d232ac788e917f8967ff131.exe,0
DikeDataset/files/benign/692acd7aa54a1c159f7e09625bba47dfc6ce2ff6aeab9140550dc5a3b744a49d.exe,0
DikeDataset/files/benign/51bd880654939f595158f3da086ce3b4e10bca532fda5b3c03033ac55e672ae7.exe,0
DikeDataset/files/benign/341e757fe21e236ff2162c678f940558196ae1988a5f5efc4a4b25e425fa0ea0.exe,0
DikeDataset/files/benign/76098cc2969c4a090fba5c863bb3bb52b5ce88bee46da9d46aab0252affa0744.exe,0
DikeDataset/files/benign/1566460d4c89f8a26fcde4b0fd4f70d7ccbf873dbeaf5f52e44f96a45c0e3807.exe,0
DikeDataset/files/benign/e82b3e2d357ecdebc189379f79f2b354d34c7af1a1d56de51ad5a539059dcf61.exe,0
DikeDataset/files/benign/62f1ad51806af5c9031851373f8c404e371514d3b0c8e236d6ea0cb488c4a56b.exe,0
DikeDataset/files/benign/10feeb1b0fde32e0d3699bb8bb8558fafb03da45b7d204dd5b7200439a39cf2f.exe,0
DikeDataset/files/benign/ee817287293478ecdd152a44b99c04c3aa18dc7399c1f4dd6ddcedca39639af2.exe,0
DikeDataset/files/benign/3d1ac5f16b486805bfea6e9152cc60251b7e8f4a8580187afef978347e523f46.exe,0
DikeDataset/files/benign/67fadfeccc66c338d0575516ac5acec9788e5be437e6924478292f92dcd4a8da.exe,0
DikeDataset/files/benign/0ff0a7429ebd5f19eac9fef4504d12c2b2b66a2b060de1c25d6e8fd08262f6d9.exe,0
DikeDataset/files/benign/8e9dd45d81352c2fe6f6b6ab124ae81d2b6485dba434bd59cfe8ce44f7628b24.exe,0
DikeDataset/files/benign/ddb348b0443d540a6e72477b111b50b094adcd490872c4786acbdcd093e07f8d.exe,0
DikeDataset/files/benign/3d8b868359f623a9441e336d32c360352bf819114052599d3c85ab69e60d1de9.exe,0
DikeDataset/files/benign/86c8b86a80e911bb63d7a78b828bf45a02afb5c9ab271906720feeec7c24fe7d.exe,0
DikeDataset/files/benign/48331be81db4474aa078c976b4635737b87f10974b11832fbdcc387bb6869fc8.exe,0
DikeDataset/files/benign/bdd41d65a67e87653abaa454166fc37b38ca219ec76f73dd27012ec7f4add8df.exe,0
DikeDataset/files/benign/54b700b40965e1ca937bba16365fc3a52a6de8eff1bd8c11a65bd42aa3ace1cc.exe,0
DikeDataset/files/benign/3a26e84b22e7665a55f0857da23a05e3ef3ed430242b6f7635909981cdbeba94.exe,0
DikeDataset/files/benign/47f2e16177373b0f0fc9ea80f468030c39808d1a8c72271f71a7358a4a1bc0e5.exe,0
DikeDataset/files/benign/457208d67a63689b65a6d209b95ec1e3714601fc1d96fd5b1402d5034a448931.exe,0
DikeDataset/files/benign/a54b84e56a936791da31c69d4048798521d62ad90991798587bf0c25e0b90148.exe,0
DikeDataset/files/benign/dda46ead54b5f92e4fa77cf708f9c87521cf26e80ea776203b34037d54590f96.exe,0
DikeDataset/files/benign/10cfee2da8c02724184a60a0bf386df8ac988ca498dd39a64cdca65a58dd320a.exe,0
DikeDataset/files/benign/e42647afd2747ba0c5a5c2440b5a68a9f0139850782690e1f7f2abd01ff573f3.exe,0
DikeDataset/files/benign/e40f02f83a5747b8b47cbc21fc7c54e6b81b7b92c86410ccc62795274f639385.exe,0
DikeDataset/files/benign/20a80b9d290223a304c752287ea4ac7371f928c4455fcb29bf5224f1096f8530.exe,0
DikeDataset/files/benign/5f435219d06e44d63e9d5b7a234afe3ef384c94fc997b9cbd2f051742d69c790.exe,0
DikeDataset/files/benign/88e0b47230be821a1794097aa74dd569c2ae2b3c71ce3e1165deb6e8de0447b0.exe,0
DikeDataset/files/benign/eeb4e4c63f7b33a00a4ed0dbec66fffbf534180bdd20a8d88b9de5d5e595efd9.exe,0
DikeDataset/files/benign/f224f0aa7b19a6e331a18e565fe4a54fb652ff6c8e09657ede61d11d296fe3ca.exe,0
DikeDataset/files/benign/ce365d04be99efe6734d9364b2ee4507a207809c54d25541787bc2667b508b94.exe,0
DikeDataset/files/benign/514e2aa45bf1034dc54acfbaa0390998a16bae0286159d6a152a71922478dee3.exe,0
DikeDataset/files/benign/6e4849e0d92ae82380bf4bb6773a1ff27863038838a021ccade723e2adab5d73.exe,0
DikeDataset/files/benign/9578342358ff79b911163d709a9dc19cad65102a33405db7f97d6f26322866bd.exe,0
DikeDataset/files/benign/f9ed0155b6015f11ff8036c67adecc85fc6ae1256420cc0564a15f452d124cc9.exe,0
DikeDataset/files/benign/0be00b72a65e558aa92a4f197663f3496b2a3ceaa5f77bafe309727141ad77af.exe,0
DikeDataset/files/benign/464262da62722cf9540fa2bff1c93b65c83254cb5be47272593d71adc31daa79.exe,0
DikeDataset/files/benign/86d5e2c5f6d63b1cee922999a4efbb30f0ec16577e1a2df9ea31eea826b723d7.exe,0
DikeDataset/files/benign/9d9742a07c77cdccd8c2b6ee17f2855a1479081e1f356073c6df9f749209b77f.exe,0
DikeDataset/files/benign/0bf9cfc88d56b52982655b56d577f69d2ee4b136908684015001c52c64f0a84b.exe,0
DikeDataset/files/benign/8e7eac5013699d34af9b001e61be38b410d98ef661ad11af37b356606eb63799.exe,0
DikeDataset/files/benign/346fb6819d138bee09beb553c8ea03c46418f963acae909997e365c07e0d6519.exe,0
DikeDataset/files/benign/65c24eabb20e0686667eb20ceb2bffd985aa966352630ba549ddd15a1df20ab7.exe,0
DikeDataset/files/benign/734db8a127eba3f56ceacddf8d784fb4c6ff0d9524eaf0d2f75acd698ef9084c.exe,0
DikeDataset/files/benign/dc66843f5a304362179f9fe4ca1a1d0b1249934e545c303c3ee353d061dd0ffa.exe,0
DikeDataset/files/benign/1d2b8e3bbfcd7546b402c2f379e40d850fd4eceaf20c45fdbfcba0b859e0a7fb.exe,0
DikeDataset/files/benign/11a1f22cc5614d2f8c58e698da5616f94805b5f9a4cd24d5433ea3d9aa3cfe02.exe,0
DikeDataset/files/benign/1b399f61e57266427a5fceb4f3df6a337304832e24579c43385b59cfd660e068.exe,0
DikeDataset/files/benign/9d535589dd8c68044fb45c10d2d1b63df28baad16d1d0ad4b187c91a23ee9c87.exe,0
DikeDataset/files/benign/4ef9eb58224457492f674fb550761cd13b7e6031186b801577194a05719d4f43.exe,0
DikeDataset/files/benign/9e9b20ed84f2bdd7c40fab4d7ff13b2e2c5f1aabf54008a8f0a383aaaeab8d84.exe,0
DikeDataset/files/benign/7230968208169f32697afe22a58dd045687f5c64c5c20b0d0471e4b9aa37c783.exe,0
DikeDataset/files/benign/d878992fe48766c2d2e03fcd103b8805a702b07d20adfd94581523ff838e45b0.exe,0
DikeDataset/files/benign/df1f22cc634826085eedbef5bf8e106493c821c9362baf6a3e4880878c9ae780.exe,0
DikeDataset/files/benign/aaeb837ddabe9ecda3d1d936512a88944264a29217beec9dce096af1e6dc2afb.exe,0
DikeDataset/files/benign/e614bb23131efe77b8ef6cfe08a28ceec7a9adccc03d183b7a287ac6c822de1f.exe,0
DikeDataset/files/benign/1b67441f080adf23da22736c557813d3bb459c915a1b84d8253b8e9599df2708.exe,0
DikeDataset/files/benign/c5b5a6b85efec5d87ae6981fb560775d97a4e0ded0cbeb4dffb41312975caa72.exe,0
DikeDataset/files/malware/9c2b07da649bdf7e39f43d568fe716d21332e57976f02ad4da0a777099c23035.exe,1
DikeDataset/files/malware/54e51e97c9c635f1bded3d574997101523a107c75220886c40731b163cec549a.exe,1
DikeDataset/files/malware/117429bd5cfd4c82f52fb0d37333672b788b613e69d196a6dcfc18f212e0d746.exe,1
DikeDataset/files/malware/20a96eb097fab35824fb2e62e72c46be291d97bffbef47cf19a63f29f699b24a.exe,1
DikeDataset/files/malware/2d2fa95aa9bf662fdcd71d75dc4ddb6e322b3db907d7555450c5db9def301012.exe,1
DikeDataset/files/malware/ca7e478664477a25736422c06cb1d092f38974c1211d11a4c50c361465d38aa5.exe,1
DikeDataset/files/malware/7ae3c3c6c168bd4e4ecd8a2aa2cfc56cbd434e38b1ec87e47dc6b83b18197f86.exe,1
DikeDataset/files/malware/8b190b5a4dd13facb6da375f0076f73c0e8cc00eabb5a31328f5abb9e4aa97ad.exe,1
DikeDataset/files/malware/1cc632b8c6bdfb0f1980fc0df1ee8f86cf1b3a116c470111f9d124dd14e0deac.exe,1
DikeDataset/files/malware/d8508337a9f4e68fe9c2057bb82ae4bacfb71da1e458bf0a708c75a19138287a.exe,1
DikeDataset/files/malware/63f60700ee8da862a257da18538f689a12a68523e54a4b3a99fc0defabad98e4.exe,1
DikeDataset/files/malware/d6713cd216efe4d2b736f0e74cd80683db78d4a6b554fa6224445f7e9229515f.exe,1
DikeDataset/files/malware/7d765cddc3609ce7ac9cff72bfc46e0d2b730f204a1d543cdcc7a56a3df75aac.exe,1
DikeDataset/files/malware/504c441a7748c7e2f73af6d5d7abf82134afeadf3e05f8f2250a3d16933a9ceb.exe,1
DikeDataset/files/malware/a756eb9b25b1e34cffdc0bdff14a8aea505d536b41d504a56be35812d2d99d4e.exe,1
DikeDataset/files/malware/603dccd92efc6757fb57afe843e8a86cbd7af8d5343eca0fc5a9251d20e8d240.exe,1
DikeDataset/files/malware/27646f53651fc26d7e8e0dfb002ca52a46c4ddcac6a44f9af1195ea7b3d584b5.exe,1
DikeDataset/files/malware/8703855d8ca8be246569d6ac56e8a92b6ea068e74f01f3367aa07c61fb0686bd.exe,1
DikeDataset/files/malware/661ffb7dd1ecfe1630c67724b235ac48ec3fd1d8eed9253be5957bf4856ef090.exe,1
DikeDataset/files/malware/65dea5696459ce41055d21206ee52092795aa2b93b0bf887bcae2a71dc2a6688.exe,1
DikeDataset/files/malware/72d7dfbada7ce76105ad2c6d4b5ba506accd559dc36b72988662c32509cabd75.exe,1
DikeDataset/files/malware/8a6f0e520d35c1309ea5b47ad6e8dc45f2c7235f3ea8ddb1fc2168e91e1d7041.exe,1
DikeDataset/files/malware/4fa554b98409a65dd08714c6eb54712d6f8e4349dc2c0c2307619aeb8ad80245.exe,1
DikeDataset/files/malware/e00a60f147c67a25d2e04a428839feeaa3fa845e0a958e41852981f2df6aa044.exe,1
DikeDataset/files/malware/eb43fc5d631a0fc52e44c842f22e7627a3a901c05956053734365e5b0304ae7b.exe,1
DikeDataset/files/malware/5a73b3909e72c6179d9268d7cb86917446bc4eebc71deab46fd5fefa9861d2eb.exe,1
DikeDataset/files/malware/f6a42bcc2659908a61392934ae32e29cceea90bc3f1f62f409da1d07cddcff4b.exe,1
DikeDataset/files/malware/394257d014e3b861acdc13e4ef61967bba1ae56020673e3f6f03431f04882b3b.exe,1
DikeDataset/files/malware/b3b911e3a2d8f32c96be757bf2015b02e1973c2b9d3ee1096f1850661291e857.exe,1
DikeDataset/files/malware/35487671b921426b148becd15a30f05573e2063ca1605355551ae3ffac38f56e.exe,1
DikeDataset/files/malware/6db94c66cc418717aefa7fbd8115d5c98deed84397344c1ac76145b7f4413153.exe,1
DikeDataset/files/malware/35292f7ecacb0db9a2ef4188c704dfa309a5b6e695a492fa2134a7c3ca49cc5d.exe,1
DikeDataset/files/malware/c1b9134a804a9abda1e0ccae8f8cc3b54dc7b64c353040cef7683ef1e9db6299.exe,1
DikeDataset/files/malware/142e0303d25018a2dfa8f6af94e1ad3f166c9affd0c36e4642a4389013430ffb.exe,1
DikeDataset/files/malware/10b148efce74a1428874c1668154e0daf3fd1d07eb44c2c2b492507e3881b687.exe,1
DikeDataset/files/malware/97c1e84e91ab397d5c803f32a5ef3311374d3364fe200637f67198bd24c67420.exe,1
DikeDataset/files/malware/81ec2083cfb729e8c8e1c7eaf3a76d5bd4eeb92012d045ce7b9c7d7392167d6e.exe,1
DikeDataset/files/malware/430c7c0a11333d4eb0846004f59508b12c7fc3759772cb6f5dfe217cfcbf632e.exe,1
DikeDataset/files/malware/9d06e9aecc44d53e3f29513324d5476f203e92ec640b64b0147133998617db55.exe,1
DikeDataset/files/malware/436c2a5b8f6ef881cd9db29793785c453849adc2f73a199c12a1ce3463b7f1e0.exe,1
DikeDataset/files/malware/4f9761937d66a6357bae51564a5f704926abcf485bd0e5fe333c4696a708faf5.exe,1
DikeDataset/files/malware/a55d47a23644b41e44fa81087ca20c62b2c6d4a1d4529c20dba5cd8975131e6b.exe,1
DikeDataset/files/malware/6f46d1efdccdef5d1d6d700f393042c8d278ffc0cbaa352a06ac64a89769ac15.exe,1
DikeDataset/files/malware/d0c62bb2e3902c6371c1b5c74f64ccce9ae3d3bfe7cb4f3c44ed8c5d812dd0cd.exe,1
DikeDataset/files/malware/500dcb9ba77a1bb2653e234dd31ca877ede770999306f2ff96c1377416d5eae7.exe,1
DikeDataset/files/malware/a2e0f5a900f045ca1f4966637934362db5426818120a99abb5d93111ba2421b7.exe,1
DikeDataset/files/malware/63f7c0fa787aa6b9ada76ff347af7daa1e65a69ac58917951bbd8212303409d7.exe,1
DikeDataset/files/malware/53d355f2bc302f253146292568ab80ae0a43c77720699ce19fae221e69d7954e.exe,1
DikeDataset/files/malware/14afd4408b3de8c40fb4db34a7742bc0ac92d067d1ab9a6df9241417bbe4f6ac.exe,1
DikeDataset/files/malware/ae0816b80276ae72ad83c932edc1bc85dca44235d89625d789342f014ab832f3.exe,1
DikeDataset/files/malware/d0ebff465c95f8e48ea29dc3c467cb14e0f01e06a81095b1c76e8831be1261ad.exe,1
DikeDataset/files/malware/9018c6704dafccc44dc2be98cdb5a09667b43ecaa2060114031e0b3d1c311568.exe,1
DikeDataset/files/malware/cb441028db30d7e4efa99ee23a9491dad53ae38e7197da2b6341773229db4cd0.exe,1
DikeDataset/files/malware/b0057666617cb7d31067cbbc4d23308a469f08c88069bf10a6128ff91dc332b8.exe,1
DikeDataset/files/malware/f3b7b412067d292eb6ccd5d416f6906d1e999c7b4df01e974267682d3203b738.exe,1
DikeDataset/files/malware/4bb6321505405f51b38cba9a9b1522a429db13e49439e7f822d82fa7dda9c662.exe,1
DikeDataset/files/malware/ee2457f1491cee086c0f13cde7e731c2fee8a09b970bc12d990bab294d9bb016.exe,1
DikeDataset/files/malware/d7c7aaff3c02e64187bdce6e618e07938a2a52e9db4c6b376390207bac494e8a.exe,1
DikeDataset/files/malware/83448cba6e41dc4bd6456c78c45c478418fddf157cbedb3133006e9379295375.exe,1
DikeDataset/files/malware/a1d42adc7d69faaa28a5ecba7c4b65cf0ea61bea506f01de59a1144e13fc2851.exe,1
DikeDataset/files/malware/b9a99ce54df8786862c2d877b18d580e6561776d959e2dc20a148b6c131d121b.exe,1
DikeDataset/files/malware/fec69061f493749830e1e76b43416887b3b130618068e5d05180525eb7cee383.exe,1
DikeDataset/files/malware/55a34cb0b6aebfc8c5337b7b8eaf6ecc16ebdde3850ed362ec827c38c7113573.exe,1
DikeDataset/files/malware/dda4ee2ae0aa1c585115a3eb5111e09fc605e6064f236b62a211bebc22447987.exe,1
DikeDataset/files/malware/b4f6d2dcf4640067ada8d836737ba4bf8658f1d085080b8a5d84eca799789c5f.exe,1
DikeDataset/files/malware/e6e4b1f87a3b2b66511d35884ba43d1db5d82d6408d8c10ac358414f33f87963.exe,1
DikeDataset/files/malware/b41e5b18768706e6f0461086ea38853cd82963c69afe8fc23d09fee2d792f59b.exe,1
DikeDataset/files/malware/254a57af093bec94562b382d565545d067fa312b65eadc1d0d58ae7b27135af9.exe,1
DikeDataset/files/malware/185fb6948391dc4c55258a1c00515eb65b8076018d3b4ddd1b30fa050688a320.exe,1
DikeDataset/files/malware/80c73601f692d3ab181ebbbd084f55687a1662a0fd0d98a5d60d4a44d3e9a50f.exe,1
DikeDataset/files/malware/ec0bf7db7d16e54f1ec60834c20879c8b09c323306f51a2f841388713951246a.exe,1
DikeDataset/files/malware/82381ce8a08b7454abecf5237e9b501690ba49f18dd9fa2e6199c6ebc64efc46.exe,1
DikeDataset/files/malware/f03f6eef397d3b17db90ed0addbfe5bcf93acef69c9ec70b20056a76f0463c9e.exe,1
DikeDataset/files/malware/391d827150653a98f3251ed0051c1e75f15571a655268e0c8b4c128519dcdf79.exe,1
DikeDataset/files/malware/14bd0d0903c67486654ab62709fe048d13323dbd1f4feef0961d07fa6aa43ce9.exe,1
DikeDataset/files/malware/beccf2cd9fe3e533107275da58030591300730571477dfee6ab7bbfecc1ceb5c.exe,1
DikeDataset/files/malware/4d964554cba213aa44a0b63482c543817ddada5c50481044184fd68dcdd8f24b.exe,1
DikeDataset/files/malware/354c1e6e10b27dc2c34a8a411e4623076891f8f49bd3777e9f4ea15d688fa07b.exe,1
DikeDataset/files/malware/9db2fcffb386b2182877b3e842ec06ff575deb3895338bb59a131fed81b17c9c.exe,1
DikeDataset/files/malware/512e388900d23e020948e3f03e54f4864a7aa4468f24ed0427526172ed8d974a.exe,1
DikeDataset/files/malware/bbf1fccaf45c1b8d4c8cd673c0b5369e513adca77e2a9169db8d16a2f49fa8f9.exe,1
DikeDataset/files/malware/b6b09deda7c88484a0842eff8c714dfc125de310542df8845898d347638947d9.exe,1
DikeDataset/files/malware/76a59ba7ea2ece65f2fc9a69b4b386f3a3a78b2a74a17642837a19b61a3a4f3d.exe,1
DikeDataset/files/malware/c64427e4d986d39dcb14903c96f5ff7ac5fff3f2be7471d15b398359737b1baf.exe,1
DikeDataset/files/malware/675d5d8a1f8e5f0dbc351888d52f07cdaead1ef1257a47852794f12c7a6a443a.exe,1
DikeDataset/files/malware/62941c41f5443c7134d61422e7e94f788ce8ee249b080a43f32df81741f7e7f8.exe,1
DikeDataset/files/malware/502720dafe1146da3ab322fe3348fe1a18e5989c32bc1b320ff0466b751659d6.exe,1
DikeDataset/files/malware/bac035c788b6687099a892019bc93c98d2992639e7191fe985cac2c0a4cbb255.exe,1
DikeDataset/files/malware/a135e701ffc86a81c12526190468bc393dbc2e872cac294120986d243ac0c3e7.exe,1
DikeDataset/files/malware/0b4dd7a79c3222cd148cd0a873e1f7a1009381f9c546fd0260a17d8bd4f98adf.exe,1
DikeDataset/files/malware/106565af9403b3d1b6d62ac444fe46460fa2946e0e269b421ad48b63218cf0f4.exe,1
DikeDataset/files/malware/2df88c9b05dd5fa941dd1e9d355eb48e00fd090c7ab015b0450412799db544f7.exe,1
DikeDataset/files/malware/4a9a7098711140b4b1a0cf9fe46d62c19699826760781761346e735710427951.exe,1
DikeDataset/files/malware/1a37a043384f15294eb0b68be2acd2bf437c7a28cba99c1d2922b7dc255dd3bd.exe,1
DikeDataset/files/malware/edc898fe99121282470b40c316bdd62a509b4703419b3aa1f27ead1cf991fd46.exe,1
DikeDataset/files/malware/f89298bbec6bf7be869967ca42a54eb8b229d6d14ec2b4bca74f9ababba7c857.exe,1
DikeDataset/files/malware/65e7af0e1b19fb19c11e5836c375b703a22f67c41de974c3de89a8e26b74863e.exe,1
DikeDataset/files/malware/af1d459e400011cf561f86ecab4edab25fe73afa90233fb1fb7cb0659dcbe96e.exe,1
DikeDataset/files/malware/daeb5e63dbdb8257e9644356fdb0a71a949f36d1854ed227928382c093c4d8d6.exe,1
DikeDataset/files/malware/42715db290512100f605d921783a0b4bd821cd705322fe187d3240353e179632.exe,1